﻿pos_x,pos_y,rotation,side,designator,mpn,pack,value,mount_type,place
160.53,-69.559,0.0,top,BZ1,,MagneticBuzzer_PUI_AT-0927-TT-6-R,Buzzer,tht,True
172.484,-73.0,0.0,top,C1,,C_0603_1608Metric,100nF,smt,True
181.866,-90.387,0.0,top,C10,,CP_Elec_6.3x7.7,330uF,smt,True
145.5948,-86.069,180.0,top,C11,,C_0603_1608Metric,100nF,smt,True
172.468,-97.0,0.0,top,C2,,C_0603_1608Metric,100nF,smt,True
172.484,-85.0,0.0,top,C3,,C_0603_1608Metric,100nF,smt,True
184.66,-64.225,180.0,top,C4,,C_0603_1608Metric,100nF,smt,True
176.247695,-86.912742,180.0,top,C5,,C_0603_1608Metric,1uF,smt,True
136.0,-70.0,0.0,top,C6,,C_0603_1608Metric,100nF,smt,True
138.94,-91.403,0.0,top,C7,,C_0603_1608Metric,100nF,smt,True
135.638,-91.403,180.0,top,C8,,C_0603_1608Metric,10uF,smt,True
145.5948,-78.957,180.0,top,C9,,C_0603_1608Metric,100nF,smt,True
134.75,-88.75,0.0,top,F1,,Fuse_1206_3216Metric_Pad1.42x1.75mm_HandSolder,500mA,smt,True
128.0,-96.0,0.0,top,H1,,MountingHole_3.2mm_M3_Pad,MountingHole,tht,True
190.0,-96.0,0.0,top,H2,,MountingHole_3.2mm_M3_Pad,MountingHole,tht,True
128.0,-64.0,0.0,top,H3,,MountingHole_3.2mm_M3_Pad,MountingHole,tht,True
190.0,-64.0,0.0,top,H4,,MountingHole_3.2mm_M3_Pad,MountingHole,tht,True
189.975,-76.25,-90.0,bottom,J1,,JST_XH_B4B-XH-A_1x04_P2.50mm_Vertical,STEPPER,tht,True
142.75,-95.975,180.0,bottom,J2,,JST_XH_B4B-XH-A_1x04_P2.50mm_Vertical,EXTERNAL USB-C,tht,True
126.0,-86.0,-90.0,top,J3,,USB_C_304A-ACP16X,USB-C_304A-ACP16X,smt,True
182.75,-96.0,180.0,bottom,J4,,JST_XH_B2B-XH-A_1x02_P2.50mm_Vertical,POWER,tht,True
188.978,-89.5,90.0,top,JP1,,SolderJumper-3_P1.3mm_Open_RoundedPad1.0x1.5mm,Power selector,tht,True
159.006,-77.539,0.0,top,Q1,,TO-92_Inline,PN2222A,tht,True
169.42,-73.0,0.0,top,R1,,R_0603_1608Metric,1k,smt,True
169.42,-97.0,0.0,top,R2,,R_0603_1608Metric,1k,smt,True
169.42,-85.0,0.0,top,R3,,R_0603_1608Metric,1k,smt,True
143.639,-64.352,0.0,top,R4,,R_0603_1608Metric,4.7k,smt,True
143.639,-65.876,0.0,top,R5,,R_0603_1608Metric,4.7k,smt,True
160.276,-83.021,90.0,top,R6,,R_0603_1608Metric,1k,smt,True
159.447808,-80.735531,180.0,top,R7,,R_0603_1608Metric,100k,smt,True
134.3172,-86.7802,180.0,top,R8,,R_0603_1608Metric,5.1k,smt,True
134.3172,-84.7482,0.0,top,R9,,R_0603_1608Metric,5.1k,smt,True
173.5,-68.0,90.0,top,SW1,,SMD BUTTON 5.1x5.1,B_+,smt,True
173.5,-92.0,90.0,top,SW2,,SMD BUTTON 5.1x5.1,B_-,smt,True
173.5,-80.0,90.0,top,SW3,,SMD BUTTON 5.1x5.1,B_OK,smt,True
129.034,-71.591,180.0,top,SW4,,SW_Tactile_SPST_NO_Straight_CK_PTS636Sx25SMTRLFS,RESET,smt,True
129.034,-76.036,0.0,top,SW5,,SW_Tactile_SPST_NO_Straight_CK_PTS636Sx25SMTRLFS,BOOT0,smt,True
138.178,-61.939,0.0,bottom,U1,,Floppy board v1.0,Floppy_Board_v1.0,tht,True
177.802,-66.765,0.0,top,U2,,DIP-16_W7.62mm,L293D,tht,True
157.228,-96.0,180.0,bottom,U3,,JST_XH_B4B-XH-A_1x04_P2.50mm_Vertical,DS3231_RTC_MODULE,tht,True
143.0,-81.0,0.0,top,U4,,128x64OLED,"oled_0.96""_128x64px",tht,True
143.766,-82.513,0.0,top,U5,,SOP-8_3.9x4.9mm_P1.27mm,CH340N,smt,True
138.94,-98.007,0.0,top,kibuzzard-655E598F,,kibuzzard-655E598F,G***,tht,False
138.94,-99.277,0.0,top,kibuzzard-655E59BB,,kibuzzard-655E59BB,G***,tht,False
138.994428,-92.892807,180.0,bottom,kibuzzard-655E59BB,,kibuzzard-655E59BB,G***,tht,False
153.418,-99.277,0.0,top,kibuzzard-655E59DB,,kibuzzard-655E59DB,G***,tht,False
153.505923,-92.83489,180.0,bottom,kibuzzard-655E59DB,,kibuzzard-655E59DB,G***,tht,False
153.418,-98.007,0.0,top,kibuzzard-655E59EA,,kibuzzard-655E59EA,G***,tht,False
181.612,-99.277,0.0,top,kibuzzard-655E5A8C,,kibuzzard-655E5A8C,G***,tht,False
181.358,-92.165,180.0,bottom,kibuzzard-655E5A8C,,kibuzzard-655E5A8C,G***,tht,False
181.612,-98.007,0.0,top,kibuzzard-655E5A9C,,kibuzzard-655E5A9C,G***,tht,False
193.042,-90.387,90.0,top,kibuzzard-655E5ABC,,kibuzzard-655E5ABC,G***,tht,False
192.026,-79.973,90.0,top,kibuzzard-655E5B48,,kibuzzard-655E5B48,G***,tht,False
193.296,-79.973,90.0,top,kibuzzard-655E5B52,,kibuzzard-655E5B52,G***,tht,False
183.644,-82.005,-90.0,bottom,kibuzzard-655E5B52,,kibuzzard-655E5B52,G***,tht,False
168.912,-68.035,0.0,top,kibuzzard-655E5B7A,,kibuzzard-655E5B7A,G***,tht,False
168.658,-79.973,0.0,top,kibuzzard-655E5B87,,kibuzzard-655E5B87,G***,tht,False
167.134,-91.911,0.0,top,kibuzzard-655E5B91,,kibuzzard-655E5B91,G***,tht,False
128.907,-79.084,0.0,top,kibuzzard-655E5BB9,,kibuzzard-655E5BB9,G***,tht,False
129.161,-68.543,0.0,top,kibuzzard-655E5BC2,,kibuzzard-655E5BC2,G***,tht,False
148.084,-75.655,180.0,bottom,kibuzzard-655E6B51,,kibuzzard-655E6B51,G***,tht,False
173.738,-62.193,0.0,top,kibuzzard-655E6C3A,,kibuzzard-655E6C3A,G***,tht,False
168.912,-95.213,180.0,bottom,kibuzzard-655E6C3A,,kibuzzard-655E6C3A,G***,tht,False
171.96,-98.261,180.0,bottom,kibuzzard-655E6C5E,,kibuzzard-655E6C5E,G***,tht,False
181.358,-90.895,180.0,bottom,kibuzzard-655E6CD0,,kibuzzard-655E6CD0,G***,tht,False
182.374,-82.005,-90.0,bottom,kibuzzard-655E6CF0,,kibuzzard-655E6CF0,G***,tht,False
153.505923,-91.56489,180.0,bottom,kibuzzard-655E6D66,,kibuzzard-655E6D66,G***,tht,False
138.994428,-91.622807,180.0,bottom,kibuzzard-655E6DEF,,kibuzzard-655E6DEF,G***,tht,False
144.528,-68.289,0.0,top,kibuzzard-655E71CE,,kibuzzard-655E71CE,G***,tht,False
