﻿designator,quantity,value,pack,mpn,mount_type
BZ1,1,Buzzer,MagneticBuzzer_PUI_AT-0927-TT-6-R,,tht
"C1, C11, C2, C3, C4, C6, C7, C9",8,100nF,C_0603_1608Metric,,smt
C10,1,330uF,CP_Elec_6.3x7.7,,smt
C5,1,1uF,C_0603_1608Metric,,smt
C8,1,10uF,C_0603_1608Metric,,smt
F1,1,500mA,Fuse_1206_3216Metric_Pad1.42x1.75mm_HandSolder,,smt
"H1, H2, H3, H4",4,MountingHole,MountingHole_3.2mm_M3_Pad,,tht
J1,1,STEPPER,JST_XH_B4B-XH-A_1x04_P2.50mm_Vertical,,tht
J2,1,EXTERNAL USB-C,JST_XH_B4B-XH-A_1x04_P2.50mm_Vertical,,tht
J3,1,USB-C_304A-ACP16X,USB_C_304A-ACP16X,,smt
J4,1,POWER,JST_XH_B2B-XH-A_1x02_P2.50mm_Vertical,,tht
JP1,1,Power selector,SolderJumper-3_P1.3mm_Open_RoundedPad1.0x1.5mm,,tht
Q1,1,PN2222A,TO-92_Inline,,tht
"R1, R2, R3, R6",4,1k,R_0603_1608Metric,,smt
"R4, R5",2,4.7k,R_0603_1608Metric,,smt
R7,1,100k,R_0603_1608Metric,,smt
"R8, R9",2,5.1k,R_0603_1608Metric,,smt
SW1,1,B_+,SMD BUTTON 5.1x5.1,,smt
SW2,1,B_-,SMD BUTTON 5.1x5.1,,smt
SW3,1,B_OK,SMD BUTTON 5.1x5.1,,smt
SW4,1,RESET,SW_Tactile_SPST_NO_Straight_CK_PTS636Sx25SMTRLFS,,smt
SW5,1,BOOT0,SW_Tactile_SPST_NO_Straight_CK_PTS636Sx25SMTRLFS,,smt
U1,1,Floppy_Board_v1.0,Floppy board v1.0,,tht
U2,1,L293D,DIP-16_W7.62mm,,tht
U3,1,DS3231_RTC_MODULE,JST_XH_B4B-XH-A_1x04_P2.50mm_Vertical,,tht
U4,1,"oled_0.96""_128x64px",128x64OLED,,tht
U5,1,CH340N,SOP-8_3.9x4.9mm_P1.27mm,,smt
kibuzzard-655E598F,1,G***,kibuzzard-655E598F,,tht
"kibuzzard-655E59BB, kibuzzard-655E59BB",2,G***,kibuzzard-655E59BB,,tht
"kibuzzard-655E59DB, kibuzzard-655E59DB",2,G***,kibuzzard-655E59DB,,tht
kibuzzard-655E59EA,1,G***,kibuzzard-655E59EA,,tht
"kibuzzard-655E5A8C, kibuzzard-655E5A8C",2,G***,kibuzzard-655E5A8C,,tht
kibuzzard-655E5A9C,1,G***,kibuzzard-655E5A9C,,tht
kibuzzard-655E5ABC,1,G***,kibuzzard-655E5ABC,,tht
kibuzzard-655E5B48,1,G***,kibuzzard-655E5B48,,tht
"kibuzzard-655E5B52, kibuzzard-655E5B52",2,G***,kibuzzard-655E5B52,,tht
kibuzzard-655E5B7A,1,G***,kibuzzard-655E5B7A,,tht
kibuzzard-655E5B87,1,G***,kibuzzard-655E5B87,,tht
kibuzzard-655E5B91,1,G***,kibuzzard-655E5B91,,tht
kibuzzard-655E5BB9,1,G***,kibuzzard-655E5BB9,,tht
kibuzzard-655E5BC2,1,G***,kibuzzard-655E5BC2,,tht
kibuzzard-655E6B51,1,G***,kibuzzard-655E6B51,,tht
"kibuzzard-655E6C3A, kibuzzard-655E6C3A",2,G***,kibuzzard-655E6C3A,,tht
kibuzzard-655E6C5E,1,G***,kibuzzard-655E6C5E,,tht
kibuzzard-655E6CD0,1,G***,kibuzzard-655E6CD0,,tht
kibuzzard-655E6CF0,1,G***,kibuzzard-655E6CF0,,tht
kibuzzard-655E6D66,1,G***,kibuzzard-655E6D66,,tht
kibuzzard-655E6DEF,1,G***,kibuzzard-655E6DEF,,tht
kibuzzard-655E71CE,1,G***,kibuzzard-655E71CE,,tht
